<?xml version="1.0" encoding="UTF-8"?>

<!-- 用户添加的自定义参数配置文件 -->
<paramConfig>
    <global-config>
        <global-json name="默认全局参数配置">{"fileSavePath":"","author":"bianj","packagePath":"","tables":"","nameMatch":"","excludeTables":"","excludeNameMatch":"","tablePrefix":"T_,DEMO_","beanPostfix":"Entity,VO","wordCompartFlag":"_","toUpperCase":0,"beanType":"jpa,java","addAnnotation":"","overrideFunction":"","standardTemplateSelectIndex":0,"schema":"","entityBuildTactics":0,"idBuildTactics":0,"isDefaultExtName":true,"fileExtName":"","extendsClass":"","implementsClass":"java.io.Serializable","ignoreField":"","inputPackage":"","removePackage":"","isDirNonstop":1,"buildFieldRemark":0,"themeType":"beautyeye","frameBorderStyle":"generalNoTranslucencyShadow","theme":"com.jtattoo.plaf.aluminium.AluminiumLookAndFeel","tableAlias":0,"namespace":"","myBatisColumnThreshold":8,"myBatisCfgList":"2,5,7,10","customColumnThreshold":8,"customFtlDir":0,"customTemplate":"","includeField":"","excludeField":"","remakeMatchDict":"类型,类别,状态","remakeMatchMulti":"备注,说明","projectName":"","moduleName":"","customFileName":1,"filePostfix":"","customExtName":"7","fileFirstLetter":0,"createAloneDir":0,"tableSearchType":0,"fileUpdateMode":0,"buildSingleFile":1,"fieldExtendInfo":0,"customJsonParamName":"","customProjectSrcPath":"","isOpeningMultiThread":true,"newFixedThreadPool":10,"usingMultiThreadTableCount":10,"multiThreadTimeout":180,"dateAnnotation":"","tableGoUiSize":"","buildBeanDialogSize":"","buildMyBatisDialogSize":"","buildDbDocDialogSize":"","buildCustomFileDialogSize":"","char1":"Integer","char":"String","bigint":"Long","date":"Date","time":"Time","datetime":"Date","timestamp":"Timestamp","boolean":"Integer","bit":"Integer","clob":"Clob","blob":"Blob","money":"BigDecimal","number0":"Integer","number":"BigDecimal","numeric0":"Integer","numeric":"BigDecimal","decimal0":"Integer","decimal":"BigDecimal"}</global-json>
    </global-config>
    <custom-config>
        <custom-json name="内置参数空值示例">{"projectDir":"","moduleName":"","moduleList":[{"moduleName":"","tableNames":""}],"ftlParamList":[{"templateName":"","packagePath":"","tableExactMatch":""},{"templateName":"","relativePath":"","tableFuzzyMatch":"","needFilterField":"false"},{"templateName":"","absolutePath":"","buildSingleFile":"true"}]}</custom-json>
        <custom-json name="内置参数赋值示例">{"projectDir":"H:\\ssm-maven","moduleName":"sysmgt","moduleList":[{"moduleName":"user","tableNames":"t_user,t_user_ext_info"},{"moduleName":"authority","tableNames":"t_function,t_role,t_role_function,t_user_role"}],"ftlParamList":[{"templateName":"${tableUpperCamelCase}Entity[java].ftl","projectSubDir":"/ssm-common","packagePath":"entity.${moduleName}"},{"templateName":"${tableUpperCamelCase}VO[java].ftl","projectSubDir":"/ssm-common","packagePath":"vo.${moduleName}"},{"templateName":"${tableLowerCamelCase}Mapper[xml].ftl","needFilterField":"false","projectSubDir":"/ssm-admin","relativePath":"/src/main/resources/mybatis/${moduleName}"},{"templateName":"${tableUpperCamelCase}Service[java].ftl","projectSubDir":"/ssm-admin","packagePath":"${moduleName}.service"},{"templateName":"${tableUpperCamelCase}Controller[java].ftl","projectSubDir":"/ssm-admin","packagePath":"${moduleName}.controller"},{"templateName":"${tableLowerCamelCase}[jsp].ftl","projectSubDir":"/ssm-admin","relativePath":"/src/main/webapp/WEB-INF/jsp/${moduleName}"},{"templateName":"${tableLowerCamelCase}[js].ftl","projectSubDir":"/ssm-static","relativePath":"/src/main/webapp/js/${moduleName}"},{"templateName":"ModifyTableRemark[sql].ftl","buildSingleFile":"true"}]}</custom-json>
        <custom-json name="内置参数和自定义参数赋值示例">{"projectDir":"H:\\ssm-maven","moduleName":"sysmgt","path1":"com.ssm1","path2":"com.ssm2","ftlParamList":[{"templateName":"${tableUpperCamelCase}VO[java].ftl","packagePath":"${path1}.sysmgt.vo","tableExactMatch":"t_file_upload, t_sys_param, t_function"},{"templateName":"${tableUpperCamelCase}Controller[java].ftl","packagePath":"${path2}.sysmgt.controller","tableFuzzyMatch":"user, dict"},{"templateName":"${tableLowerCamelCase}Mapper[xml].ftl","needFilterField":"false","absolutePath":"H:\\ssm-maven\\src\\main\\resources\\mybatis\\sysmgt","searchFeilds":{"tableName":"T_AREA","feildList":["AREA_CODE","AREA_NAME"]}},{"templateName":"ModifyTableRemark[sql].ftl","buildSingleFile":"true"}]}</custom-json>
        <custom-json name="VueTest">{"projectDir":"H:\\skmc-monitor-web","moduleName1":"basic","moduleName2":"material","ftlParamList":[{"templateName":"${tableUpperCamelCase}Edit[vue].ftl","relativePath":"/src/views/${moduleName1}/${moduleName2}","formFeilds":{"tms_material":{"enable":"classifiedList","classifiedList":[{"title":"型号参数","feildList":["MATERIAL_TYPE","BRAND_NUMBER","MATERIAL_CATEGORY"]},{"title":"其他参数","feildList":["HEAT_TREATMENT_METHOD","SURFACE_HARDNESS"]}],"unclassifiedList":["CREATE_PERSON","CREATE_TIME","LAST_UPDATE_PERSON","LAST_UPDATE_TIME"]}}}]}</custom-json>
    </custom-config>
</paramConfig>
